<?xml version="1.0" encoding="UTF-8"?>
<widgets xmlns:xsi="http://www.w3.org/2001/XMLSchema-instance"
         xsi:noNamespaceSchemaLocation="urn:magento:module:Magento_Widget:etc/widget.xsd">
    <widget id="products_list">
        <parameters>
            <parameter name="template" xsi:type="select" required="true" visible="true">
                <label translate="true">Template</label>
                <options>
                    <option name="default" value="OX_AjaxWishlist::product/widget/content/grid.phtml">
                        <label translate="true">Products Grid Template</label>
                    </option>
                </options>
            </parameter>
        </parameters>
    </widget>
</widgets>
