<?xml version="1.0"?>
<config xmlns:xsi="http://www.w3.org/2001/XMLSchema-instance" xsi:noNamespaceSchemaLocation="urn:magento:module:Magento_Config:etc/system_file.xsd">
    <system>
        <section id="internationaltelephoneinput" translate="label" sortOrder="1000" showInDefault="1" showInWebsite="1" showInStore="1">
            <class>separator-top</class>
            <label>International Telephone Input</label>
            <tab>customer</tab>
            <resource>MaxMage_InternationalTelephoneInput::internationaltelephoneinput_config</resource>
            <group id="general" translate="label comment" type="text" sortOrder="10" showInDefault="1" showInWebsite="1" showInStore="1">
                <label>General Configuration</label>
                <field id="enabled" translate="label" type="select" sortOrder="1" showInDefault="1" showInWebsite="1" showInStore="1">
                    <label>Module Enable</label>
                    <source_model>Magento\Config\Model\Config\Source\Yesno</source_model>
                </field>
            </group>
        </section>
    </system>
</config>