<?xml version="1.0"?>
<config xmlns:xsi="http://www.w3.org/2001/XMLSchema-instance"
        xsi:noNamespaceSchemaLocation="urn:magento:module:Magento_Config:etc/system_file.xsd">
    <system>
        <section id="wishlist" translate="label" type="text" sortOrder="140" showInDefault="1" showInWebsite="1"
                 showInStore="1">
            <label>Wish List</label>
            <tab>customer</tab>
            <resource>Magento_Wishlist::config_wishlist</resource>
            <group id="ajax_wishlist" translate="label" type="text" sortOrder="10" showInDefault="1" showInWebsite="0"
                   showInStore="0">
                <label>AJAX Wishlist</label>
                <field id="status" translate="label" type="select" sortOrder="1" showInDefault="1" showInWebsite="0"
                       showInStore="0">
                    <label>Status</label>
                    <source_model>Magento\Config\Model\Config\Source\Enabledisable</source_model>
                </field>
            </group>
        </section>
    </system>
</config>
